id,name
0pie1VYEnERArCasEIR7,Dragonbowl Main -9. Beef Shank (龍肴秘制牛腱子) 1300 ML only 
0yzNipxhY0heTMAsi8m2,R4 Tom Yum Fried Rice with Prawns
1mlvwFuC519gzOaGezHc,Sprite
2T9nRWvvBZ887BtczM5i,Dragonbowl Drink -3. Lemon black tea (柠檬红茶)
3FTaHAsb5qigSjVwkc55,Plum Spring Roll Sauce
53uVjVFxn17fbM7VPq4l,L3. Pad Prink Khing
6y7I7BWB5p9wxbsiRe18,A4. Skewers Chicken Satay
75F48UVMr9gQfwLmFoyx,29. Black Pepper Garlic Prawns
8iChvoeduCQ3RmO3sV2o,Call us If you have any questions
8k7QwC0mZa8yPtADuYRB,A1. Crispy Wontons
9EfCXy52e2CYZEgQtZe6,A2. Spring Rolls
A5RS27tGC4KfOscIaJsg,22. Cashew Stir Fry
Ayq0hBXf9epvWXplTlLx,L2. Pad Si Ew*
B0hxInitImDIb0qseHtN,L8. Fresh Vegetable Stir Fry in Curry
CP5k4SOoqmhOBpy96Yoh, L5G. Green Curry with Eggplants and Basil Leaves
ClzxoA528a7SNhbooE2t,11. Tom Ka Gai
DCk2kD28u3gIYrbc7J5E,Natural Coconut Water
Dct5yHJUfWgBoOJuWdFm,Dragonbowl Side -8. Woodear mushroom/酱拌特级云耳
DrbVyDLDXzViLKDYTD4y,10. Cabbage / 怪味台湾高丽菜
EPFIdosnEIda6dcZFKdY,Pork tenderloin (本地嫩猪里脊)
EZ6YeR3tw9dYhnwhhaWG,Dragonbowl BOGO -Black tea 原味红茶 
EqYUeee56KrewKr8n3fc,Combo for 2
FW4mshAG1W6HJ33eoXxU,Diet Coke
GIrpbALwZtCNvQCymWhM,19. Pad Kee Mao
GRAB7xMlkYUt9Ns6twah,1. Shredded Potatoes / 烧烤摊凉拌土豆丝
GWK8DNstQv9UfXmGG19f,DragonBowl -Two person Alberta beef slice combo (雪花牛套餐)
HmCrO1SPZ3BbU7mzW68x,Alberta beef slice (阿尔伯塔雪花牛肉片)
IGKeXjDHBm0bNK1vb9pi,L6. Ginger Stir Fry
Iak4HDvKMRYhM91I1QL2,A5. Crispy Prawn Wonton
J1ULYKcq9LpxVbCydiPC,Dragonbowl Drink -5. Lychee black tea (荔枝红茶)
J6zqvp1ll5iGwIFgErEA,A3. Crispy Tofu
JGbabFLkF4M2NOpxCnGh,6. Fresh Papaya Salad
Jpkg4Ga3xXon3LVKCkDG, L7. Eggplant Basil Stir Fry
LO9jEKOO5RaVoBFPqgZJ,NF3. Sen Lek Pad Kee Mao
LwVLm6MKYodSqxitQJIv,9. Thai Beef Salad
NVXANYbTkLdvnWKCsM1H,L4. Thai Fried Rice*
NvsCg7UchxpRW8DGhIgS,Spoon
NwVscAGUI5FLb8JQJ1KL,Boneless Chicken thigh (农场鸡腿肉)
O12wdqNhKQNouDAdazb8,L9. Cashew Stir Fry
Ojuk9IjFiIit0EIjPNn2,NS5. Yellow Curry Chick Noodle
Ph1iuD6ZMX2RGwk6t1fU,27. Ginger Stir Fry
PzIfzxFk3UmMdteEJwum,26. Veggie Stir Fry with Thai Sweet Basil
Q1bUU8lekrZV1qxJsRUn,Braised Egg /古法秘制茶叶蛋
QFslILqbnSoTnLbd7n3O,Ginger Ale
QdrPHTh3XYVKJyBvRAvW,13. Thai Noodle Soup
TENrywbOnc68bYgWhE7F,NF2. Sen Lek Pad Si Ew
U0VmHkQQbACRHJ7NAKiW,Dragonbowl Drink -6. Roselle sour plum tea (洛神红梅茶)
UQX0IadKSjuuEQ2eW42I,28. Thai Basil Prawns Stir-fry
UVDbgXKOqlaybTDAwd1X,Thai Ice Tea
WykbsEzINm8HAabAGj6W,8. Thai Noodle Salad
X2570PzHOyMEJxxX1oFZ,Dragonbowl Side -7.Bean curd / 甜辣扬州干丝
Z6gsa7rvUmdwOuXj15wz,Dragonbowl BOGO -Peach black tea 蜜桃红茶 
Z8MxYt81UEzFOn7zTEXZ,Thai Ice Coffee
ZtZCyLh3F9yiRVRHyrpd,Thai Away School Catering
ZxLzjX4NbGwNQkEAy1t9,L1. Pad Thai*
a0VJT1p6broWnXgLQwnz,Dragonbowl Drink -2. Peach black tea (蜜桃红茶)
a24hKHBxrU2BLiBNdm1o,15. Yellow Curry with Potato
aQcuZ2LsioIHgXclLK9k,Lamb shoulder (草原嫩羊肩肉 ）
b7NQHlENtIBqhocAx84y,Junior bowl Special Catering 
diGszQA4S35yz52F7Lcv,Chopstick
esrrdKEPijGemZ5wzr8Z,White Jasmine Rice
fUEBXJG3q4Z55GUWzWXL,L5Y. Yellow Curry with Potatoes Topped with Crispy Shallots
fa5vCHAyh3Cin0s2U5kk,Vegan (全素豆制品)
g6IUgc3mu23Nl4wHRlvL,18. Pad Si Ew
gnqitYpU3OQkFTL5l9SS,20. Pad Thai
grUI6uccz7HT70dnuQcQ,Fork
hxdLnLg7QbMDRG3Si1L2,Jumbo shrimp (南洋黑虎大虾仁)
iHZ9MVfCz1dGuaMU4W21,"L5R. Red Curry with Bamboo Shoots, Bell Peppers and Basil Leaves"
k1qtVCofuFO4EjWbbmgh,6. Celery Carrot / 传统老北京芹菜
k4g9n3YVONWSwqtPEFiU,DragonBowl  -Two person Jumbo shrimp combo (南洋黑虎大虾仁套餐)
kzHC3M8urQIhobMiq8mK,25. Thai Fried Rice
lAC07dvdlJIfYi18iYns,Peanut Sauce
qMOz9HttNY6El93zuJ9y,24. Fresh Mixed Vegetables in Curry Sauce
r8puhfHsnQzcvTp4vIlw,Coke Zero
rNyGF6mslCqGK3AMqdri,Daily Soup / 是日例汤
rfRW2ppHXeif5lnnqDNk, 14. Green Curry with Eggplant
s2jL8pRHspeV3fBxLFti,Beef brisket （红烧半肥瘦牛腩）1300 ML only 
v2T59WJCtW2aciwTdoZR,R1. Pad Thai Fried Rice (Choice of protein)
vJ3ra0n15psaP7SFWyqu,21. Swimming Rama
vUFCkWuei4bdXKDQmwbx,PADTHAI Combo for 1
vacDKjXXklqNEYHSSL4B,NF4. Tom Yum Fried Noodle
w2Vt4NC8g5hs5fE80sxs,16. Red Curry with Bamboo Shoots
wWsUmxZxsaCrTPS0DuAp,Dragonbowl Main -8. Pistol chicken legs (秘制手枪鸡腿) 1300 ML only 
wdTym30nRQE6ol5SUZpF,Combo for 1
x2toRh7PbaPhZQFcvksN,23. Garlic Vegetables
xFeHlM9dS1RnGtwYB7RU,Dragonbowl Drink -4. Grape black tea (葡萄红茶)
xby6ll05ob0as3UKaIb7,Dragonbowl Drink -1. Original black tea (原味红茶)
yVwW7PMKtNB8i3b0Ba9j,COKE
yX2KI6r1H4mIuVNLSURb,12. Tom Yum Kung
yqdhtjv6ZnsOzuODd8Xt,Dragonbowl Drink -7. Lemonade (柠檬水)
ytMaPmumDWasZSQUroCD,Dragonbowl BOGO -Lemon black tea 柠檬红茶 
zMv5scQBHJsnwuOd0xG4,4. Bean Sprouts / 椒香本地豆芽王
zb3eKmv8B9lR9OJGYeQn,C7. 8 Pcs. Chicken Wings
0OfEjjSTbvMmXCTurX5N,Jumbo shrimp (南洋黑虎大虾仁)
0iCRF39KIuofmQ8Xf4fu,10. Cabbage / 怪味台湾高丽菜
1YUswmjDNS3de3aLxpMP,Dragonbowl Side -7.Bean curd / 甜辣扬州干丝
1YrPoQNOZcs8Wv8DQTRa,6. Celery Carrot / 传统老北京芹菜
1cNFsqTFnZterwGhMDfi,Dragonbowl Drink -1. Original black tea (原味红茶)
1ebIevBmLqBpfOIFQu8d,DragonBowl -Two person Alberta beef slice combo (雪花牛套餐)
3YKoWQDKMTsr6zBWZHeb,Mango & Coconut with sago芒椰西米
4GyVuVA1qQMHPB71PNbV,Dragonbowl Drink -3. Lemon black tea (柠檬红茶)
4SFZ6VzugdgukJA8zGLu,Winter Mixed Bowl 白雪甜心
4t3eKU1Py6XW3oBWcNAV,Red Bean Fall Tofu Pudding 秋日红豆小丸子豆花
5PrK285VTGsKtjukPFsv,Sweet Black Sesame Paste with Small Chewy Ball 小丸子芝麻糊
6DiUkcWgV9kLT9uDHczm,Pomelo&mango with sago Drink 杨枝金捞
6bmS7q2MT1bEu4fZ5peq,Dragonbowl Drink -2. Peach black tea (蜜桃红茶)
82wunbH7l2Yq7O7P0N2i,Junior bowl Special Catering 
A1giedRBwUhtGtGgZHPL,Dragonbowl BOGO -Peach black tea 蜜桃红茶 
AjUKfmoPvGx9kFpLQ5XQ,Sweet red bean paste 陈皮红豆汤
CJ8sXIlapSdlcS0aU0H6,Mango crystal jelly 多芒亮晶晶
CbjX9uaMMZJtMNeprKj0,Mango & Sago with coconut soup椰汁芒果西米露
CrVtHYvMC2q7GurZANA0,Mango Coconut with Tofu Pudding 椰芒啵啵甜豆花
CsqrUsWRk6Y8F3V1HYMm,Tom Yam Noodle Soup Bowl 冬阴功汤面
EUzghblQ8k5U2SLYu7BP,Beef Noodle Soup 牛肉金汤面
FQBvqYIMScI6JtDZLv56,Pineapple Fruit Tea 茉香菠萝
GDzKr5KAPPDaAt2vz9mD,Bo Bo Bowl 爆爆碗
GFZLASGHPwKjBKTMOwGz,Pork tenderloin (本地嫩猪里脊)
Gi0hJSZPpUd01kZItfzu,Fruit tea diary 果茶日记
H6K5GynMnB2QO5mA5OeO,Purple Rice & Taro Milk 紫米芋泥鲜奶
IYCvpX0FuobsSdMe2N0V,Dragonbowl Drink -4. Grape black tea (葡萄红茶)
IgmjPSkWGk0OIDLYUVR1,Lamb shoulder (草原嫩羊肩肉 ）
JHR85WOslZedITIBUVFf,Green Grape Tofu Pudding 青青爆珠豆花
JKkgeRKKDJlXpmrlV4p1,Tofu Pudding with Red bean Jelly红豆啵啵甜豆花
JccMSZiL7rA4AIa6uuTs,Oreo Matcha Panna Cotta 奥利奥抹茶冻
KfSmDbA5Q82qUsDnd7Aw,Mango & Coconut with mango jelly芒椰芒果爽
MEjvAN8CqIXyv7njGwD9,1. Shredded Potatoes / 烧烤摊凉拌土豆丝
MU2JLibkQjdiORYK0dDa,Strawberry Milk 草莓牛乳
MyvXKXY4VE7AQXvgLGuL,Passion Fruit Tea 百香果满满
NzkpZ3FzTFnsIC6xawlA,DragonBowl  -Two person Jumbo shrimp combo (南洋黑虎大虾仁套餐)
OcJUu1wXApAvoqZIMYwM,Small Chewy Ball
OrWpWbtRU3PC528nweEs,Oreo Chocolate Iced Crisp 奥利奥冻饼
OxTvh1gUZoHj1YsAZQsW,Cha Siu Bao 叉烧包(2pc)
OzG8kWZkHUtOzcFuNiyJ,Mango Iced Crisp 芒果冻饼
P0CXNXd3yO7exBOumBxs,Mango yakult 养乐多芒芒
PfYzkEHHsoQHeHLp5swz,Dragonbowl Main -8. Pistol chicken legs (秘制手枪鸡腿) 1300 ML only 
QMzQjPlygyHcjBfOTXqK,Chestnut Paste 栗子羹
QWyV3G6vBkFdEiGeEPU5,Mango Sago 多芒西米捞
QYql0F4d5BZ8droV2eVx,HLS - Coconut Jelly 椰果
RDXi7t5RQQBmK0DHWXIb,Matcha Chewy Mixed Sago Coconut Soup 丸丸抹茶西米露
RbZOOej0SGUalfLjl6FX,Braised Egg /古法秘制茶叶蛋
TAVm6rxNLtcwMAJb3RFX,Black sesame paste soup芝麻糊
TTLEp3XmfJG3W7s95BlO,Mango & Coconut with red bean芒椰红豆
U6RGRdaxr7xnsOQQ7E4M,Mango Pudding with Chewy Ball Mango
UA5iOmp5PKq3J5IaaDza,Taro & sago with coconut soup 椰汁芋头西米露
UVonGVSHD8GLDx3XtaTF,Large Size
UWDgw0E6bHigdlIwMN5T,Jumbo Mango chewy ball芒之丸子
UxrbDEvfR6TMt8EspSHm,Vegan (全素豆制品)
Vrh85dagI9cMBWdVmRmi,Daily Soup / 是日例汤
WM97YI6Z8QYge9rK9cDD,Purple Potato & Taro Milk 紫薯香芋鲜奶
WQB9CYsroWnpiDBqjI5T,Snow Pear 轻乳小吊梨
WUdvCmRzX1FTFKUopixa,Dragonbowl BOGO -Black tea 原味红茶 
WXBPInTJoftMQIf9KAjo,Purple Potato Paste 紫薯羹
Ww8lKp0fevoEBXUXfE1h,Dragonbowl Drink -6. Roselle sour plum tea (洛神红梅茶)
Xgao9P6ACivF3Px7hnNE,Mango & pomelo W sago 杨枝金捞
Y3aco0SW4Hn8irhX4Ml3,Black glutinous rice with coconut soup椰汁黑糯米
YA2uXnrwiYncxcF4UB6Y,Mango Mochi 芒果糯米糍
YLZSYnV1e5sBZgZ8B1tv,Black Truffle Siu Mai 黑松露烧卖 (3pc)
YrKpX5uM2r2jeigi7gog,Mulberry Ruby 冷艳女神
ZUTMtFuH41H9WQjjXqzq,Brown sugar ginger jujube Hot tea 女神处方
a5P0mHkNVthgxYB9jIx8,Small Chewy Ball
agIKcHVambPrXZufotnK,Jumbo Mango & pomelo W sago 大杨枝金捞
b8b4ggICYUnMzpTZcC5t,Large Size $1
bER8hRutuiBiHX0R0Hdi,Sponge cake 马拉糕 (2pc)
bFNOmjP6TfZFZBuoKXYB,Meet Green Grape 遇见青提
c3Rlp7h41LwdVNQd2jEP,Black Sesame Coconut Milk 黑芝麻生椰牛乳
cYRxGjkYizC57HcjYQkL,Chicken  Protein Noodle Soup 鸡汤公仔面
caQFrIVs4bw2C67tg9Zu,Golden Eggyolk Lava Buns 奶黄流沙包 (2pc)
crbpLoUTILMA7lMUdDsT,Steamed Beancurd Sheet Rolls 腐皮鲜竹卷 (2pc)
dsq3tx9FGa8Sqcu6wCE5,Pomelo&Mango Sago Soup 杨枝金捞西米露
ea6z2yWGaibum1kGhZov,Taro Chewy Ball
fAlXrTtY5P522xomFMCZ,Sweet Black Sesame Paste with Milk Mochi 鲜奶麻薯芝麻糊
faaEbPsb8JHqoQWwPWYE,Sweet red bean paste with Milk mochi 爆爆红豆鲜奶麻薯
fmSpkJmSi6ZBOCZFa7z1,Spicy Shrimp Noodle Bowl 麻辣海鲜公仔面
g2QdTpBUwlaB3Q6fLrjs,Mango Pudding with Small Chewy Ball
hfiOWYmuAOr1Y2o9Lnv0,Mango Chewy 多芒小丸子
iB4U1JJzZcY49eL7RCWv,Alberta beef slice (阿尔伯塔雪花牛肉片)
iroXNOa3jQNZDCc96RmA,Mystery Garden 神秘花园
juhcsEPfJbycXxeqnICn,Mixed Matcha Panna Cotta 丸丸抹茶冻
l41JqXVlJNhhnjKbYCns,Grass jelly with Coconut soup & Mixed taro ball 大满贯
lgQ7nNDNNGq2AL7ccWeS,Mango slush with crystal jelly粒粒芒水晶晶
nauC59E9U0JqD2fNMGdP,Mini Sausage Roll 迷你腊肠卷 (3pc)
ncOcE7qCZk0Sen6oRWhy,Dragonbowl BOGO -Lemon black tea 柠檬红茶 
nnW6xLNCmdLBooANAvA7,Mango & Coconut with black glutinous rice芒椰黑糯米
oMIQE3QnTdmLl99OdHUN,Hot Pistachio Paste 开心果糊
oUNN6XgrnBUmHA4vWnvL,Taro Chewy Ball
odr129nKVHwoSkZWWPiF,Dragonbowl Main -9. Beef Shank (龍肴秘制牛腱子) 1300 ML only 
oo2lUa5NI7XCU9YRW3f5,Taro Sago Milk Cup 香芋西米牛乳
pobSuG1SwXKzk07nUW6j,Fresh Sago Milk Cup 西米冰牛乳
qDSarvbBvkOnuD7SgPpQ,Ginger Brown Sugar Tofu Pudding 原味豆花
qYOk5VXpmj5Dbxjbj7aK,Beef brisket （红烧半肥瘦牛腩）1300 ML only 
qr32Ec1Ah6bmPsmbiAJW,Mango slush with mango jelly粒粒芒芒果爽
qwKxvQlozTu7wUSdxOry,Taro Chewy Mixed Coconut Soup 满芋西米露
rTXAS3trPKZsMHqXbimo,Curry Fish Ball 咖喱鱼丸
rpkBF1mIVPU7EdUrH238,Jasmine Flower 遇见茉莉
s7IyOC2ATGJfetepTHFd,Sweet Pumpkin Paste 南瓜羹
sTlryPsm8XaM42IAOmqv,Tofu Pudding with mixed Taro Ball 爆爆桃胶芒果豆花
tkQsESVacjnkNTx0KaBS,Mango delightful trio 多芒鸳鸯黑糯米
uSiHqB7qTdClOtcS5MuW,Matcha Strawberry Milk Cup 抹茶莓莓牛乳
wfI3icPIKjaC13aHYC8C,Dragonbowl Drink -7. Lemonade (柠檬水)
wkTlyrOk101fgILZX7mo,Hui Lau Shan School Catering
x3EqXyfhZs9nmY380kB5,4. Bean Sprouts / 椒香本地豆芽王
xulPme65Oaop4ggtFNuD,Dragonbowl Drink -5. Lychee black tea (荔枝红茶)
y8anA0ObYt2b6Uz22t0o,Taro & Chewy Ball Tofu Pudding 芋泥小丸子豆花
yqs6PJcNZlPKGlewDixe,Matcha Sago Milk Cup 抹茶西米牛乳
z7tJgiC3iifsdzCp5TTx,Boneless Chicken thigh (农场鸡腿肉)
zM3PqM4Pta55qdiuXLBN,Dragonbowl Side -8. Woodear mushroom/酱拌特级云耳
1Uu3yvEX9TQhz2aB2M2I,Grilled Onion Cheese Burger & Soda
1w1LcbXdAbTHvfpvIzaf,Diet Coke (355 mL)
4UzyeV0eWBAl3ipDRJJN,Jumbo shrimp (南洋黑虎大虾仁)
5FWkjr92Rw22W1KkUIhk,6. Celery Carrot / 传统老北京芹菜
72hRw7yLCukXcyOivt8u,Alberta beef slice (阿尔伯塔雪花牛肉片)
8lz4ruG29WENgcGP13MQ,Dragonbowl Drink -1. Original black tea (原味红茶)
90D11yQhgsvhjKoSWtWK,Dragonbowl Drink -3. Lemon black tea (柠檬红茶)
9KD1kdB3DhkEj1zMqBj9,Dragonbowl Drink -4. Grape black tea (葡萄红茶)
BixTSDdn1vlZyMtGGGQV,Grilled Onion Cheese Burger Combo
C9aXqfVi5stHF23Tm9H4,Burger
Fa0hPLqHyDedumLn2HUY,Junior bowl Special Catering 
KhUBOihHB4cKpRBRM9HT,Dragonbowl Side -7.Bean curd / 甜辣扬州干丝
OyaSaZbsp5iQbUWgEY5P,Coke (355 mL)
PDQMcRgrjdBi97iyHeZm,Dragonbowl Main -8. Pistol chicken legs (秘制手枪鸡腿) 1300 ML only 
QJXCRQyHUv6lYzhAQRik,Grilled Onion Cheese Burger 
R8xDXf1SAhlGJ9i0vAjx,Betty's Burger 
SkMqunG7vEeIxMcyR92u,Dragonbowl BOGO -Peach black tea 蜜桃红茶 
UQ6GaLfSQj9zMuMiAy9x,Pork tenderloin (本地嫩猪里脊)
Udh8hd5Wr6siKAiUiSiV,Bowl Of Fries
ZcGJmHP7iIP4bhY40QHQ,10. Cabbage / 怪味台湾高丽菜
ZsNI7Vc9pgk8t85eqwvd,Daily Soup / 是日例汤
aOpNBdWCPcidgCmwA3sz,4. Bean Sprouts / 椒香本地豆芽王
aV15M3CpkVrPQH0rxjNK,Betty's Burger Sauce 
aqYbQY2zbf34sxcu5DVx,Dragonbowl Side -8. Woodear mushroom/酱拌特级云耳
bZZAcoQYWiGImTKcudJE,Cheeseburger
c5itLCslJVB55y41bdPL,1. Shredded Potatoes / 烧烤摊凉拌土豆丝
dtC0JMUxIdkeZFaFe5Qa,Dragonbowl Drink -5. Lychee black tea (荔枝红茶)
hgcVUkA86a0z6MU3aP53,Braised Egg /古法秘制茶叶蛋
k17YfoTQEuGr8W4EkWwY,Bacon Cheeseburger & Soda
kXEjDmmdskDTZT2eatlS,Dragonbowl Drink -6. Roselle sour plum tea (洛神红梅茶)
mI4gtv1IKbJWJXwmqTJd,Boneless Chicken thigh (农场鸡腿肉)
n5UxAQu7uTw1KnETfcLr,Bacon Cheeseburger
qRJpj2jgsaE4qsTwA3D0,Dragonbowl Main -9. Beef Shank (龍肴秘制牛腱子) 1300 ML only 
qbgvmijTg1U2OoUzgjlQ,Dragonbowl BOGO -Black tea 原味红茶 
rsLv0Ym2wb3aIoB72M7y,Beef brisket （红烧半肥瘦牛腩）1300 ML only 
rw05GJ62WZzCZjJRKjrR,Bacon Cheeseburger Combo
sAoOjuU6nA8Iu9L5vBWI,Dragonbowl Drink -2. Peach black tea (蜜桃红茶)
v0erR3QSO8UT5chvMIsX, Coke Zero (355 mL)
wydIr0ZDR66VPBJDt0Cm,DragonBowl  -Two person Jumbo shrimp combo (南洋黑虎大虾仁套餐)
wz35HSZ6Pg3BsJdg61Ak,DragonBowl -Two person Alberta beef slice combo (雪花牛套餐)
xclykevHJw8k3DWMga7n,Dragonbowl BOGO -Lemon black tea 柠檬红茶 
xl2p0MVmf8y0yPcKwYm5,Dragonbowl Drink -7. Lemonade (柠檬水)
xlvBatzRaRWdEibIhesT,Vegan (全素豆制品)
xqugKYYraoF9yKFA3Yr1,Lamb shoulder (草原嫩羊肩肉 ）
zdJ6gOT8ig8seMt1Ay2E,Bowl Of Peri Peri Fries
1ahW966jOCz6P5Zqjt7A,Biryani Rice Bowls
1z3GkxUnZmH6qIBDA4sf,Dragonbowl Drink -2. Peach black tea (蜜桃红茶)
2WvdnVhIiNEmvjzTcklL,4. Bean Sprouts / 椒香本地豆芽王
3tI6q23TPi21u10dYstE,Butter Chicken Pack - Serves 6 
3vFJGTBpn8kTnM3fQEWj,Dragonbowl BOGO -Black tea 原味红茶 
5GUEUEQEtDBO5r7ZwtKc,Tandoori Chicken Power Bowl
6aLTZM76mc1WOoYOppXu,Braised Egg /古法秘制茶叶蛋
7Izi9U1iPf5QhnX2XFbh,Lamb shoulder (草原嫩羊肩肉 ）
8591YjPUc2tv5nBs7ILS,Chicken Cafreal 
8sdtdXHHGXOUvQw4K8B3,Poutine 
9d6QaTvoutwICsltpuwu,Boneless Chicken thigh (农场鸡腿肉)
A00GAd5EPsNCY0IQ7u3B,Mac N Cheese × 2
ACEccXE8HixU7UOf6eMc,Dragonbowl Drink -7. Lemonade (柠檬水)
CHxtAhBPJ4v3nw22NbKB,Tacos
CsSAEiT2nOxzRLxIzN1s,Vegan (全素豆制品)
E5z251rXAShwqfokjnqR,Butter Chicken 
GsP1WRX6U2WiQbMnUQDQ,6. Celery Carrot / 传统老北京芹菜
H4oxfbw22BTcjrcvYBM7,Rice Platter - Serves 3
HhUeOk33FCMypUxlEDUD,Chicken Tikka Caesar × 2
Hq2UTr0auup8ioWe2eGf,Rice Bowls 
HuJHUJFHhqI49wLBTXuo,Lamb Kheema Pav
IApQglnMABMtweuibTCe,DragonBowl  -Two person Jumbo shrimp combo (南洋黑虎大虾仁套餐)
IuwrLQ3hRMv2TqhcpyN6,Dirty Samosa Platter - Serves 3-4
JVhMHC0K8qO4FRHyVIfL,IndiCo School Catering
JcfB4ECqMUxSUIEYXaGx,Butter Chicken Rice Bowl Combo
L4lplRfOg3QvoAsUKLDs,Daily Soup / 是日例汤
LoC61XTicTwVvLYGbq0k,Amritsari Fish & Chips 
M75l20Cqi2mEzHwcv0M5,Dragonbowl BOGO -Peach black tea 蜜桃红茶 
OMYAol0lFrzuAGxKmq1F,Madras Coconut Chicken
PHYp9P7FGfq4xzrX3N87,Beef brisket （红烧半肥瘦牛腩）1300 ML only 
PNEx9WRXiy9YpyK0CFlF,Paneer Butter Masala
QP4oTEd5LJXuQlYjV0eD,Samosa Pav
SYcsX9LRwpeqGkjeOWMZ,Mac n Cheese
UmA2NMWb03pu9mJa1Cht,Chicken Tikka Caesar
VEQSA3sX3fhTzVp0m7QO,Dragonbowl Drink -1. Original black tea (原味红茶)
VlDqhQnZUsXFLEDdgXHk,Dragonbowl Main -9. Beef Shank (龍肴秘制牛腱子) 1300 ML only 
VrqjEQRwvZA5poTagmfa,Jumbo shrimp (南洋黑虎大虾仁)
W3bizQ0aYT5K20oUWKaG,Indi Baos
W8dWpjB2cJI6SnwUlhvq,Dragonbowl Drink -5. Lychee black tea (荔枝红茶)
WYd93hBrSK5ALZ4T0K3U,1. Shredded Potatoes / 烧烤摊凉拌土豆丝
Xn36TOvLzneKu6nw826c,Cilantro Cream Paneer
XwC3dylI4TtLryPwnR38,Rice Bowls × 2
YKDkaotXz73bmenoGLNu,Mango Lassi
Ytgdnfb1OtJw61qXKagj,Palak Patta Chaat 
Z0rIGn23YkfL844OKV4T,Pork tenderloin (本地嫩猪里脊)
aD4duyUVutHMBV10vUWr,IND Coke (355 mL)
aTdQjs9wJWOoeyR5dDrx,Kheema Ghotala
dBWGRIhJCkESSOR6PQIL,Basmati Rice
e4VhqG5CN57Lu4CKxn7x,Cilantro Cream Chicken
eqrda3O9dhDKv8JPPFeJ,Dirty Samosas
gG1j8oIdcNoXcmvmDvNi,DragonBowl -Two person Alberta beef slice combo (雪花牛套餐)
hOtEUpdfjM0ZJCBBGjSD,Vegetable Samosa
iTKihqP9xkCI2nSQPvg7,Dragonbowl Main -8. Pistol chicken legs (秘制手枪鸡腿) 1300 ML only 
iVrZwtG9355Yvraadega,Butter Paneer Rice Bowl Combo
jq8lqY4MzFpu2eaQGuas,Fish Pepper Fry With Malabar Parotta × 2
klm1P3wE54PgoTbDsoH4,Poutine Platter- Serves 3
mkujZRDawHwex1kiQIwh,Sandwich
nPSFb0X57yBVK11MBKYw,Dragonbowl Drink -3. Lemon black tea (柠檬红茶)
ps9m0T0jHOTOXb0Ra6Po,Biryani Rice Bowls × 2 
rI4iDET0zruKjJ632Rkh,Vada Bao
rY6SHnVHhDxCz3grKLL6, IND Zero (355 mL)
t579Oi4a10xR3T3xvT3A,IND Diet Coke (355 mL)
thHq8votBbbgOjiMvZrC,Dragonbowl Side -8. Woodear mushroom/酱拌特级云耳
uMLMxteeLjDVsAahWvJD,Dragonbowl BOGO -Lemon black tea 柠檬红茶 
uX6cDSu48HXgouH8p2De,Junior bowl Special Catering 
uurnisMq8eFNIHENZcra,Tandoori Chicken Sandwich 
vSS3ml7e4igx3EcvcnT2,Masala Vada Pav 
wP5hMhzwyT8CnB4AC8EX,Dragonbowl Drink -6. Roselle sour plum tea (洛神红梅茶)
wUGuQin8l9Jtdqf0T5PC,10. Cabbage / 怪味台湾高丽菜
xZzz7fk5kYBtn3uWNfUG,Fish Pepper Fry With Malabar Parotta
xj8wuxRgNpRTTe1iq3Gj,Dragonbowl Drink -4. Grape black tea (葡萄红茶)
y8tVVconks6sRyvNTQQk,Alberta beef slice (阿尔伯塔雪花牛肉片)
yW2hMmoAcvnu3a5Pwwjp,Butter Paneer Pack- Vegetarian - Serves 6
zqIHiBLISyZIeEYdLUTw,Dragonbowl Side -7.Bean curd / 甜辣扬州干丝
0sguh7CbNlFUhVz2JtzH,Crab 
12wmGR2aerf900H2L5yO,Vegan (全素豆制品)
2LcIaTu6B6liYsHAOixB,Dragonbowl Drink -3. Lemon black tea (柠檬红茶)
39QgxhdxoMaUCwrAP9db,White Peach 
3lE1agEgLOTPycnanGyg,Salted Salmon Bento (feeds 1-2)
3x02dCZy3VpZeOrJEeXT,1. Shredded Potatoes / 烧烤摊凉拌土豆丝
42aONAE6kFDKxkeINOym,Dragonbowl Drink -2. Peach black tea (蜜桃红茶)
4waxfKrrLbZIDPujhQkG,Bento Box
5yVcbMtG2qIETn6I2dNy,6. Celery Carrot / 传统老北京芹菜
8uiGCv7Wugy0a9y2jIMx,Dragonbowl BOGO -Peach black tea 蜜桃红茶 
BdO6f6PFUrddxUOAfRFv,Scallop
Bxq8NQ0CedgQvpXnUSlI,A5 Wagyu Bento (feeds 1-2)
C43FGJ8WBfxqOsDLbpPs,Lamb shoulder (草原嫩羊肩肉 ）
Ej6qWtm4r2SdTqUrsUNO,Boneless Chicken thigh (农场鸡腿肉)
Et80cReZXjHFtZV16MpT,Dragonbowl Drink -6. Roselle sour plum tea (洛神红梅茶)
FlsXweDjjxpt6CxtBUe8,DragonBowl  -Two person Jumbo shrimp combo (南洋黑虎大虾仁套餐)
I8yvRgUukRfQVamxIbJC,Holiday Tsukiji Plater
IPzhFswGe0FujCeTBSjc,Tsukiji Platter (for 2)
J1FL2FNVaMFHfttD4ewW,4. Bean Sprouts / 椒香本地豆芽王
JEiZ9lCcRyJlqlo3RmHj,Dragonbowl Drink -1. Original black tea (原味红茶)
LVIAIB8FZqqzKhVxPyji,Dragonbowl Side -7.Bean curd / 甜辣扬州干丝
ORgli7ihbQl3wg6SEZMG,Truffle Lobster
RheAIQtHSaLPzR1U3DqU,Bluefin Tuna
S3ZvAMamrNHCeDm2kP30,Alberta beef slice (阿尔伯塔雪花牛肉片)
TqFuxkOROgFIUGZN7tJv,Avocado 
U5BWU0lumPSgHRbtR41S,Dragonbowl Drink -7. Lemonade (柠檬水)
U9C26ODnqgiz5opNvAtR,Hello Nori School Catering
VNSCPRrcun5m7ZxXnjkH,Daily Soup / 是日例汤
VYDz6StClCYmE6cJyqao,Junior bowl Special Catering 
WFM9lODyGqNbMAYYWAAA,Spicy Shrimp
Y5y9XLENMiKwXm5pA8yq,DragonBowl -Two person Alberta beef slice combo (雪花牛套餐)
YiGrbXJzeCmt2xjv9Hs9,10. Cabbage / 怪味台湾高丽菜
ZEK0Di6Dexn8Q7QzDxa8,Dragonbowl BOGO -Lemon black tea 柠檬红茶 
a03jgMKKjHY3m30IMYyX,16 Pieces Cut Rolls
aqYJbnNTR5T4OToFpCJw,Grilled Chicken Bento (feeds 1-2)
bTzIRW4c6QXXQsCTBv2v,Dragonbowl BOGO -Black tea 原味红茶 
cVXFMlGdOiDEUXY8Olq9,Dragonbowl Drink -4. Grape black tea (葡萄红茶)
cYxYpOKodcs15sxds4bk,Dragonbowl Main -8. Pistol chicken legs (秘制手枪鸡腿) 1300 ML only 
czc3G3p8OKBUz16gUROQ,Toro 
d9s6EqmStTjVt7Qk6WWu,Dragonbowl Side -8. Woodear mushroom/酱拌特级云耳
jZ2vAhodtu8bwAf0g0cU,Family Platter (feeds up to 4)
ktTsxynLBEL30Tbds2LX,Braised Egg /古法秘制茶叶蛋
m0SHqZEMO4bkter1Ikf2,Coke
mIsaaMNGXPto8VripxvT,Beef brisket （红烧半肥瘦牛腩）1300 ML only 
mzB2XS8sCSDVNBew2wQn,Unagi
nlCbBot5G5tgmrSTAH2t,16 Pieces Premium Cut Rolls
nnj4qJ1S183m96PCs7qD,Aburi Duo - 3pc Salmon/3pc Ebi 
q1NY03DcYbvQlRSK1QUo,Pork tenderloin (本地嫩猪里脊)
qAUIZQjGUatcI9ui7vVn,Sparkling Water
rB5KcqiJ5zyeC5ep2WJl,Salmon Oshi - 6pc
tlgJn7xVV7eL853yNIYb,Tamago 
uOuowIaBovNW03I1O9oE,Dragonbowl Main -9. Beef Shank (龍肴秘制牛腱子) 1300 ML only 
ueDo7PFj49S2AYynv28M,Jumbo shrimp (南洋黑虎大虾仁)
ueEl9eMlGmihnIkwsrfZ,16 Pieces Deluxe Cut Rolls
wCFri2FYMcxZ5CmlypD0,Aburi Ebi Oshi - 6pc
wZvvqrXLfh1XcQCP1YjC,Dragonbowl Drink -5. Lychee black tea (荔枝红茶)
y0znAz7CkqmNPKgi4UQ1,King Salmon
ynP8mSvPauX5JKwvI2Yy,Spicy Bluefin Tuna
yyUCCR7WV61XnS75OYDV,Yellow Tail
z6JmqzgkM5ruGAPYz7Ob,Cucumber
zscxGkkDm5E4hse7Q7xG,Hello Nori Caterdash
08NGBRwymtsEGPTuCdKt,Dragonbowl Drink -2. Peach black tea (蜜桃红茶)
0AVH9rtuBQR4VCimP4kB,Junior bowl Special Catering 
1c3vAzz7nyZJUVbmvx6P,Fried Chicken Thigh (台式炸雞排)
1tZdGfBM2m0Egu00qBip,Chicken nuggets w/spicy soy sauce(椒麻鹹酥雞)
2L3FxvRv7If7vrRuXBVL,Dragonbowl BOGO -Black tea 原味红茶 
2o408QN8TSnuYYQMJC3B,Dragonbowl Side -7.Bean curd / 甜辣扬州干丝
3Q4sjzLO6cpALILirYWW,Taiwanese Meat Sauce on Dried Noodle (肉燥拌麵)
4bF1MBi9UVjO1FWwUzB3,Dragonbowl Main -9. Beef Shank (龍肴秘制牛腱子) 1300 ML only 
6EOXTrlRM10Bp0Df5cbd,Chicken nuggets w/spicy soy sauce Bento(椒麻鹹酥雞便當)
6ep0HrYYyuZPJer0qbrf,Fried Pork Chop (台式炸排骨)
7SZGwAQniewXDIvVceU8,Side dish of Taiwanese Pork Meat Sauce (台式滷肉小份)
7YW6UgvJvPzZOL9PQ2SB,House Special Beef Noodle Soup (原汁牛肉麵)
7gpnwKxY1JpjUP8PqYi5,Dragonbowl Drink -1. Original black tea (原味红茶)
9vfUaHIATQ0RTK3ZyCuH,Vegan (全素豆制品)
Ai8YhVRsEYbOB97jRspT,Pearl Castle School Catering
BnVjJ56ymgX8wKRLmHDf,Honey Sauce Chicken Bento(蜜汁雞便當)
BrCqkfjuqfxMEh2DYXqH,Spicy Crispy Chicken Bento(左宗雞便當)
C97vQmK9jlZVnyhUCqtd,Dragonbowl BOGO -Peach black tea 蜜桃红茶 
CBUCQiNVvVn90wybOXdS,Wonton with Chili Sauce (紅油炒手)
CVPjmhK9POt2tgOlk952,Dragonbowl Drink -6. Roselle sour plum tea (洛神红梅茶)
CZRvYKICPRps54u9Q3QB,10. Cabbage / 怪味台湾高丽菜
CdndZ3L1oe8offYrP4nu,Dragonbowl BOGO -Lemon black tea 柠檬红茶 
CxszhzmI5lt3NByOblMM,Taiwanese Sausage Bento(台式香腸便當)
CzIttI1dc0BoHY27p3Il,Fried Chicken Nuggets with Fried Rice (台式鹽酥雞炒飯)
DKW0FuLtjP1VUPHNaZqb,Scallion Beef Slices Bento(蔥爆牛肉便當)
DdTg0UdnXr7rco41dHTu,Braised Egg /古法秘制茶叶蛋
FNMF9BuaGnPPyhWVcMsA,Taiwanese Sausage (台式香腸)
FQk1o4MPKyjas35fvapJ,Fried Red-Fermented Pork Bento(台式紅糟肉便當)
G70ad9b4Lr1lvaS9KGUx,Fried Chicken Nuggets (台式鹽酥雞)
GVEA1kuEmhtEUkHBPECY,Beef brisket （红烧半肥瘦牛腩）1300 ML only 
GxkBiI6qhVySZiUjuxmY,Fried Chicken Thigh w/spicy soy sauce on Fried Rice (椒麻雞排炒飯)
HS4gcBg5l8WhlwN8lKzM,Dragonbowl Main -8. Pistol chicken legs (秘制手枪鸡腿) 1300 ML only 
HYud7v7G0xPNyKwlOTfo,Fried Red-Fermented Pork with Fried Rice (台式紅糟炒飯)
IHoTNcodQsQSKLLmy0NX,Lamb shoulder (草原嫩羊肩肉 ）
ILCEiqAqYQnFiIv6j2BT,Taiwanese Pork Meat Sauce Bento(台式滷肉便當)
IZBWQd4fSWt4Fk4REm2x,One Bowl of Steam Rice (白飯一碗)
KEVkScqpkHrzDjZFR9dZ,Fried Chicken Thigh Bento(台式雞排便當)
KhsDNtQR2aI8h9WvVLcQ,PearlCastle - Taiwanese Sausage with Fried Rice (台式香腸炒飯)
MEEXIAFOoaZUHID9WyqL,Chicken nuggets w/spicy soy sauce on fried rice(椒麻鹹酥雞炒飯)
NRx8XQvrfioYjb8CAVpl,Fried Red Fermented Pork (台式炸紅糟肉)
NeoFiKfK96B5lbAq615W,Dragonbowl Drink -4. Grape black tea (葡萄红茶)
OY0yw17kv7KtZ5Mrt5wa,Fried fish cake (炸甜不辣 )
Rw20rkNzTzyTUzVFBVSG,Chicken Teriyaki Fried Rice (照燒雞肉炒飯)
SQSDyEevyMjXms0w9WOQ,DragonBowl -Two person Alberta beef slice combo (雪花牛套餐)
Sd3nPI4iybu5yIa6aOVS,Sliced Pork & Dried Tofu Bento(回鍋肉便當)
U7VlS6PSCXem6F8uVObf,DragonBowl  -Two person Jumbo shrimp combo (南洋黑虎大虾仁套餐)
UgzmnvLcCAYqmyNK8BjD,Marinated Chicken Chop Bento(滷香雞排便當)
VRsZB1x5XC4Rdb5uhiXP,Daily Soup / 是日例汤
YVnN2wFdksuUmbcGfqlo,Pork tenderloin (本地嫩猪里脊)
ZBfy83EvT2LJ0XHX17W9,Chill Pepper Sauce Chicken Bento(辣子雞丁便當)
ZEJix0ACbo2vzLqqVPP8,Golden Lemon Chicken Bento(黃金檸檬雞便當)
ZPgPnEPS6Kjy3Fi3sP5v,Fried Pork Chop with Fried Rice (台式排骨炒飯)
ZmFCT3Vx3B9xsA5PRYkU,6. Celery Carrot / 传统老北京芹菜
bvtc5VDN7TK1Wmndc4Sc,Three Cups Chicken Bento(三杯雞便當)
dipwHXESpP4ZJvLvvqvp,Dragonbowl Drink -7. Lemonade (柠檬水)
fIIzi0sky3yw2J7cOls7,Dragonbowl Drink -5. Lychee black tea (荔枝红茶)
fQFP93Y84tUJxzHGxt1I,Spicy Fried Chicken Nuggets Bento(香辣鹽酥雞便當)
gGxC18d0GBBf7KaGGqC3,Szechwan Chicken Bento(四川雞便當)
h3g35ILV7GBcq8wpR7Jo,Fried Chicken Thigh with Fried Rice (台式雞排炒飯)
jka3HTKoxDppIro1yvua,Dragonbowl Side -8. Woodear mushroom/酱拌特级云耳
juKUTezKGlWKfS6hCg84,Chicken Thigh w/spicy soy sauce (椒麻雞排)
k12JiIy3eGeCvbe5PoLf,Boneless Chicken thigh (农场鸡腿肉)
mjdNtzBWOUlEtYPKCmJ8,1. Shredded Potatoes / 烧烤摊凉拌土豆丝
nU0ATCd1UKopImsiAHfZ,Dragonbowl Drink -3. Lemon black tea (柠檬红茶)
ow6RTLI22E7YyYNPdu0g,4. Bean Sprouts / 椒香本地豆芽王
pzsH3iGp9jQmGthodVZu,Extreme Spicy Beef Noodle Soup (麻辣牛肉麵)
r5d2maevFFcYZ97nUvOn,Marinated Tofu with Meat Sauce (滷香豆腐)
sQTbQvgMdKr9WqgIa0p3,Alberta beef slice (阿尔伯塔雪花牛肉片)
t5LfRNr3kBDl6Ucicaea,Fried Pork Chop Bento(台式排骨便當)
tYV2xLnou7V1wocnvekD,Fried Chicken Thigh w/spicy soy sauce Bento(椒麻雞排便當)
tjEbirExywrnVF4tUGvT,Spicy Fried Chicken Nuggets with Fried Rice (香辣鹽酥雞炒飯)
uELp86mFTQ4Krq3S3ZGI,Spicy Fried Chicken Nuggets (香辣鹽酥雞)
wbA7ENEB4sljQqLedMqY,Marinated Pork Chop Bento(滷香排骨便當)
x8KWaCw3WHEw80IA54s2,Kung Paw Chicken Bento(宮保雞丁便當)
xz3HrmoAUPGHVbed4fcj,Jumbo shrimp (南洋黑虎大虾仁)
xzxHia3qvbcnS5yfazkh,Fried Chicken Nuggets Bento(台式鹽酥雞便當)
17V4QgfFvtdVXBBrdIni,1. Shredded Potatoes / 烧烤摊凉拌土豆丝
28umjatLvqOTCHTQ5Shn,Dragonbowl BOGO -Peach black tea 蜜桃红茶 
2ZZocrBkjI0schF1qW1Y,Dragonbowl Drink -5. Lychee black tea (荔枝红茶)
46XGgEKW018s8q2q5p5M,Dragonbowl Drink -6. Roselle sour plum tea (洛神红梅茶)
5XPkD192nzRus4TWFAeT,Dragonbowl Main -9. Beef Shank (龍肴秘制牛腱子) 1300 ML only 
5wQr3jYaDxWQWtgRzJ7G,Junior bowl Special Catering 
5x0UskVelXauAiwMP7Gm,Diet Pepsi
6dsw9159Aitm4xxZrpeT,Boneless Chicken thigh (农场鸡腿肉)
73ZPls23VkbqcZk9zI0R,Pepsi 
7G7IDLvx6MOFPk8qk8Ld,Oreo Ice Cream Sandwich
AbaHtRniIcqvqk1w4SA8,Dragonbowl Drink -3. Lemon black tea (柠檬红茶)
BFn1bKJyAZEu28paC2Fp,DragonBowl  -Two person Jumbo shrimp combo (南洋黑虎大虾仁套餐)
CeZY9tSIQixl9JOV85Qo,Vegan (全素豆制品)
EaGxQhEqch5ZQ8N0vHR0,Callister Cream Soda
IdjX6x2SqUpww2vKbItL,Dragonbowl Drink -4. Grape black tea (葡萄红茶)
ImDcGJv50NA8zC9lsufJ,Dragonbowl Drink -1. Original black tea (原味红茶)
IuGpULyRevcz5NFQzTwa,Daily Soup / 是日例汤
JLVq96mCKwJohNjBGgfO,7UP
KQv8Qgt7BBwdbRBsaKsm,Callister Hibiscus Lemonade
PFdNYCo9urykyyz4OpJX,Bubly Blackberry
Pi2Qbo7IMbiHbYOPE0jh,San Pellegrino 500ml
Qj9rgxC9DN1xj9EkQUBq,Evian Spring Water - 750mL
SZ5vJW5zkL7MTHsoVWxI,Dragonbowl BOGO -Black tea 原味红茶 
SzUONbl4S7mCd6jXkHli,Vanilla Ice Cream Sandwich
UwJwVBFei8BAzn3rELk8,Alberta beef slice (阿尔伯塔雪花牛肉片)
W6fD3GYz5w9pqb3OZAty,Dragonbowl BOGO -Lemon black tea 柠檬红茶 
ZeReWdwQA1jOEwBa6GhT,Braised Egg /古法秘制茶叶蛋
Zjj19LoVws6mF7QHbmip,6. Celery Carrot / 传统老北京芹菜
ampB50xprXcN6CZ83kl7,Dragonbowl Side -8. Woodear mushroom/酱拌特级云耳
eMKkkkLn0QVg0vxyyDoZ,Bubly Peach
fBCkNBV1MSrKNGsymYbI,Callister Spruce & Hops
fJVBI13Pquvhgv0eUKZk,Jumbo shrimp (南洋黑虎大虾仁)
j2PBVJvV3S4If4kIc4X1,10. Cabbage / 怪味台湾高丽菜
la9OYbkp4rRGJNSd80bu,Lamb shoulder (草原嫩羊肩肉 ）
m2SFAbkbNpTLguVRSnTf,Dragonbowl Drink -2. Peach black tea (蜜桃红茶)
mJ73mpuUrhiwReSD0EFs,Dragonbowl Side -7.Bean curd / 甜辣扬州干丝
nnsYrepSBAAK6mPZzJLB,Dr. Pepper
o5iRNIjs9jpRqTE4TsLl,DragonBowl -Two person Alberta beef slice combo (雪花牛套餐)
og3PxQrsELR74Usc0mnf,Pork tenderloin (本地嫩猪里脊)
p09g9V7ipk4rVUzSyF3m,Dragonbowl Drink -7. Lemonade (柠檬水)
pve9hnz5L096S0ozijiH,Aquafina 500mL
q6p6zbvn6KJIlw1xoPdr,Dragonbowl Main -8. Pistol chicken legs (秘制手枪鸡腿) 1300 ML only 
rXVAhKm7kBZ303P2FPwj,Ice Pop - Mr. Freeze
s2BeAAz3PbHGplfQ3LcN,4. Bean Sprouts / 椒香本地豆芽王
vscaGn0HfrbfS68scwat,Beef brisket （红烧半肥瘦牛腩）1300 ML only 
w9b4cdl5R8nndr4sk7oh,Callister Root Beer
xPdduMKxZWHHoSu7R5zl,Pepsi Zero
yf0Exil0ZUKv7KRGJx40,Callister Raspberry Earl Grey
